trial,ARI_dagger_values,eps,min_samples
0,0.034285714285714274,0.8049101414454196,3
1,0.034285714285714274,0.8348456080721137,7
2,0.034285714285714274,0.9430650600369401,3
3,0.034285714285714274,0.3967175725663146,3
4,0.034285714285714274,0.2712101076551949,7
5,0.034285714285714274,0.1922734278856977,6
6,0.034285714285714274,0.33039884009229126,4
7,0.033873015873015874,0.07979856663308531,7
8,0.034285714285714274,0.6764309359162137,6
9,0.034285714285714274,0.5747109683963854,3
10,0.034285714285714274,0.7542216380718485,10
11,0.034285714285714274,0.9611582035615596,9
12,0.034285714285714274,0.827284037983425,5
13,0.034285714285714274,0.5828762828412278,8
14,0.034285714285714274,0.8283572433313979,8
15,0.034285714285714274,0.4709245835642271,5
16,0.034285714285714274,0.9998700612510643,5
17,0.034285714285714274,0.7186976966108771,8
18,0.034285714285714274,0.8482064355599482,4
19,0.034285714285714274,0.6188376645309199,10
20,0.034285714285714274,0.8821033652871154,6
21,0.034285714285714274,0.9283144113926369,4
22,0.034285714285714274,0.8024419089210698,3
23,0.034285714285714274,0.9129722465387533,4
24,0.034285714285714274,0.6921233084830907,3
25,0.034285714285714274,0.9978465920751535,7
26,0.034285714285714274,0.77115823216402,5
27,0.034285714285714274,0.5047845486609868,9
28,0.034285714285714274,0.8911983396956352,4
29,0.034285714285714274,0.43174578451102325,3
30,0.034285714285714274,0.6910354694795331,3
31,0.034285714285714274,0.40346722692671877,3
32,0.034285714285714274,0.2896811384746224,6
33,0.034285714285714274,0.3668557321810681,4
34,0.034285714285714274,0.2545782171500911,7
35,0.034285714285714274,0.11852106994087563,4
36,0.034285714285714274,0.6213187237768667,3
37,0.034285714285714274,0.2087655594870203,5
38,0.034285714285714274,0.5351856074021162,3
39,0.034285714285714274,0.7544749022771299,7
40,0.034285714285714274,0.9466662916325659,6
41,0.034285714285714274,0.14838765763858686,8
42,0.034285714285714274,0.31088550297032574,7
43,0.034285714285714274,0.3653852875309172,6
44,0.034285714285714274,0.25928546958469495,9
45,0.20136483777660252,0.06132504911205999,8
46,0.034285714285714274,0.6430420042164949,8
47,0.6478545343545343,0.03248556315438131,9
48,0.5726651126651129,0.018220079961597004,9
0,0.03321428571428571,0.08682448208717942,5
1,0.3108801067748274,0.014633896464666257,4
2,0.12283211181737899,0.05269585490847529,5
3,0.033571428571428565,0.0951694546209539,3
4,0.023325396825396822,0.07079775146499381,3
5,0.06138334378040261,0.06169276233441723,5
6,0.20894843260641477,0.043846430016250444,5
7,0.033571428571428565,0.09157972068012908,4
8,0.07416442415095353,0.04841845218369708,3
9,0.46148329448329434,0.02850440838605709,5
10,0.3845081094658023,0.020863427488279893,4
11,0.3678380622495916,0.01964969379007641,4
12,0.26638127256742455,0.030726675640194205,4
13,0.19583765276059042,0.035548093556758247,4
14,0.47560343629538665,0.026689779963588314,5
15,0.4092995687662869,0.03181102611563058,5
16,0.4211826634090397,0.012466153201823886,5
17,0.4775350746604616,0.0264677841663994,5
18,0.24237532235640993,0.04089616961673949,5
19,0.028095238095238097,0.07580056980928054,5
20,0.07874976038753129,0.06058436257692715,5
21,0.4749574937446453,0.025984625982161433,5
22,0.4809570553285721,0.023172132573401363,5
23,0.2615153955092036,0.039502969196387454,5
24,0.4743295330400592,0.023672693649131858,5
25,0.32706850309773755,0.011349530894195606,4
26,0.4318814877932524,0.018596178855300776,5
27,0.3235490119615506,0.03706047463853991,5
28,0.10906327405879086,0.04949830785654166,4
29,0.48053261332750485,0.024847439650409933,5
30,0.20847817098397922,0.04391918967822138,5
31,0.47992165402536896,0.025393350855954386,5
32,0.4124131168938748,0.015394657565556424,5
33,0.3953578878981354,0.03280390107178226,5
34,0.4149840175416631,0.01719624260908291,5
35,0.3590286308604723,0.02407139974306163,4
36,0.38372716035254734,0.03393901402966719,5
37,0.19223387539795256,0.010904467197460532,3
38,0.026507936507936508,0.07927904232022566,5
39,0.10837321982395343,0.05457652112573343,5
40,0.4664376872697305,0.021282621105624504,5
41,0.47156330107800676,0.02768819314481925,5
42,0.4758743152272563,0.02683686763243325,5
43,0.41918700774330725,0.016337948473028968,5
44,0.2226950101154435,0.042832542902728386,5
45,0.15397421235663897,0.02881841402868402,3
46,0.4786649672137287,0.023752836012949013,5
47,0.36888738419564926,0.02198018025258993,4
48,0.30496268609271704,0.03795169429592081,5
49,0.0834657963295734,0.0594270089639735,5
0,0.2778891964588559,0.04585551582432584,6
1,0.10921168854477509,0.05464833693184375,5
2,0.2888845111679275,0.038514167151999,5
3,0.06782907615260557,0.06716573464322553,6
4,0.12110736905965064,0.053380054986109704,5
5,0.6439971139971141,0.03752111342021995,10
6,0.03472222222222222,0.09090257093455831,6
7,0.03350793650793651,0.095598555687058,10
8,0.03035714285714285,0.08122185485152246,5
9,0.36179509379509384,0.061588627867509065,10
0,0.48033261183261183,0.043177663553353195,10
1,0.15169111444111447,0.06576469309728983,9
2,0.234006549006549,0.060178011991453624,9
3,0.3819191919191919,0.04934346785453489,9
4,0.4426576332164566,0.012248843500707022,6
5,0.3690110445110445,0.04277684109361917,7
6,0.3754747474747475,0.04965966707054536,9
7,0.10348101898101897,0.07474954062019545,9
8,0.4739949494949495,0.0380464088338743,9
9,0.4592586974429079,0.01599432370541642,6
10,0.0275,0.09896560739948748,10
11,0.5631807636807636,0.029976015215959655,10
12,0.5355197580197582,0.02871595462560636,10
13,0.5303474303474304,0.027753909278490394,8
14,0.4112035172429909,0.026430025394494506,5
15,0.5409556554556555,0.02893223571854288,10
16,0.5181291420997303,0.020967176282158335,8
17,0.5259444999445,0.03412192510943917,10
18,0.05155527805527806,0.07730432950785857,8
19,0.29549135671584653,0.010712825090578585,7
20,0.5000884115884116,0.02193312847650878,10
21,0.5542767232767233,0.030596101236979357,10
22,0.495570707070707,0.03730091207168711,10
23,0.540583583083583,0.032218376308360885,10
24,0.46705139305139304,0.019024413730405434,10
25,0.35295454545454547,0.05120260365981004,9
26,0.4366208791208791,0.042449967509284814,8
27,0.5251675546675547,0.026127815441899255,10
28,0.013571428571428573,0.09739662107796143,9
29,0.5016111111111111,0.038288655792890404,10
30,0.5403260073260073,0.03209718613987702,10
31,0.5309989454989456,0.03292062657659812,10
32,0.5107291042291042,0.023428140166119306,10
33,0.2716355866355866,0.057458745101651415,9
34,0.42250038850038846,0.016349462870777397,9
35,0.48033261183261183,0.043105993739723625,10
36,0.23301653901653904,0.06374332727752421,10
37,0.41713203463203463,0.04717485902816941,9
38,0.5367250527250528,0.030795716661551245,9
39,0.2740091236592785,0.0362080524993602,5
40,0.489167193917194,0.016288352518002005,7
41,0.5482929292929294,0.031637881839149354,10
42,0.4751810966810966,0.04077495632577461,10
43,0.46528571428571425,0.046310907463238,10
44,0.512889665889666,0.0231732590563141,9
45,0.3411673881673882,0.052834573721681884,9
46,0.5583524808524809,0.029760077357932586,10
47,0.539463036963037,0.027445288998406328,10
48,0.035095238095238096,0.07510653747338203,6
49,0.5465912975912977,0.028882170767851222,9
0,0.1837871572871573,0.0819778773927525,15
1,0.5183672438672439,0.04113667424383995,14
2,0.23750937950937953,0.07235401592165563,13
4,0.03428571428571428,0.03205240885706579,36
5,0.3541349206349206,0.05727350244115225,11
6,0.13043939393939394,0.08245647062699897,13
7,0.29603174603174603,0.07284317347746172,17
8,0.4979790764790765,0.03933152782382586,19
9,0.13214285714285715,0.014585972931695682,12
10,0.06473214285714285,0.04573549060709731,48
11,0.3885244574020084,0.0397092726900862,24
12,0.4701587301587301,0.05576542099607752,23
13,0.2014751552795031,0.029630539524807473,23
14,0.5121904761904762,0.04353972554793403,20
15,0.20150793650793652,0.0986578673235176,28
16,0.14285714285714285,0.026528417004457617,40
17,0.4790714285714286,0.05050248114113244,20
18,0.4296031746031746,0.06278524945019166,27
19,0.10649686231081579,0.023154120645510375,20
20,0.24367559523809523,0.04212775386227098,31
21,0.5150194805194805,0.03516624136897089,17
22,0.5131522366522367,0.034962796761123335,16
23,0.49807142857142855,0.03180857589274712,16
24,0.46784021534021536,0.0205431478552207,10
26,0.45960317460317457,0.049685588632316924,25
27,0.5132279942279943,0.03361573111599616,15
28,0.05714285714285714,0.03658953277983399,50
29,0.3480952380952381,0.06504514881805293,14
30,0.49524891774891777,0.04764785498815376,18
31,0.5217099567099568,0.034626820343964644,15
32,0.5120109890109891,0.02502089937830001,10
33,0.5559920634920634,0.034861770203276195,14
34,0.17063492063492064,0.0181478437772284,14
35,0.48412698412698413,0.052485713771119095,22
36,0.5354675324675324,0.029811426607771332,12
37,0.02040816326530612,0.028582343481511924,38
38,0.5159191919191919,0.03975605469821977,12
39,0.3020687090687091,0.05938715076916849,10
40,0.4261883116883116,0.022001157456769338,12
41,0.5301904761904761,0.03940404209881812,13
42,0.5062359307359308,0.02999080985515795,14
43,0.506602453102453,0.044277304295943176,13
44,0.5347900432900433,0.03853364965015567,15
45,0.047619047619047616,0.037958326403014546,44
46,0.02857142857142857,0.015692039672697215,19
47,0.43227777777777776,0.02695223052161747,15
48,0.4816536796536796,0.045710127606172046,12
49,0.43583333333333335,0.04060895029274657,22
1,0.09707498383968974,0.0298572542257705,30
2,0.2772988677988678,0.056320473099422896,12
3,0.16368284493284493,0.06507971371490448,49
4,0.3656941391941391,0.03925547940832725,19
5,0.12864383678337166,0.052264467705413487,45
6,0.21398260073260073,0.09836406847699736,50
7,0.27220976302608957,0.02221242311716882,14
8,0.2680749250749251,0.06623747922494491,20
9,0.07142857142857142,0.028831422476165887,43
10,0.16637050892370042,0.04334801231909975,34
11,0.13875520188445883,0.08093620918518263,10
12,0.3608956043956043,0.045251727602981476,20
13,0.30269118636465575,0.04030718892623901,23
14,0.22396650968079537,0.04170911791347214,29
15,0.1,0.011964424877038936,17
16,0.2682362637362637,0.07401279695293936,29
17,0.3265173992673992,0.0504896339518614,24
18,0.39415066795949144,0.03359349526247474,16
19,0.33834432234432227,0.029137377507451392,16
20,0.07983453328280916,0.03374952148919325,37
21,0.11015911172161172,0.020842483586444055,19
22,0.20898931000971818,0.03749736087767761,26
23,0.3636793206793207,0.045921163255417376,15
24,0.2674124209124209,0.0591831503953998,14
25,0.43776648351648345,0.019571212745294792,10
26,0.4583250915750915,0.019922525196124342,10
27,0.45915537240537246,0.023058789708154098,11
28,0.46261080586080583,0.020040506410406642,10
29,0.09899267399267399,0.011541372338553927,10
30,0.17960408385940302,0.017664240773779587,13
31,0.506781746031746,0.023141546975685677,10
32,0.4615958485958486,0.024802901428723375,12
33,0.46701605257487605,0.026177696934600005,12
34,0.403588666235725,0.024845625971011302,13
35,0.08095238095238096,0.01401129285045832,17
36,0.4644819902319902,0.029845938346143762,12
37,0.34215384615384614,0.033214012867170656,18
38,0.1868521549372613,0.01659440927244216,12
39,0.40289865689865684,0.0273535240995268,14
40,0.3010805860805861,0.03559730920643411,21
41,0.46211324786324787,0.025073093443886058,12
42,0.4662887667887668,0.029752280216993186,12
43,0.386827677224736,0.028894720698356073,15
45,0.14420896563753705,0.016252645540667073,13
46,0.22708424908424907,0.09204034023052017,43
47,0.3557440745528981,0.04743040278729432,18
48,0.5188454045954046,0.03106177504559406,10
49,0.26349330941167676,0.039982325499682045,25
0,0.3211904761904762,0.031567126858333475,18
1,0.1975669134786782,0.07346289550180728,15
2,0.4115680218474336,0.03829565483009866,10
3,0.20421542157532868,0.06823249664276426,8
4,0.1514857642357642,0.09564700384587016,22
5,0.35578663003662997,0.04081414003487378,20
6,0.24676923076923074,0.02725976710593954,18
7,0.1327412897180339,0.02248408178788522,19
8,0.15594771894771894,0.09330239793157247,24
10,0.26682034665006765,0.04792518349416645,2
11,0.2942784911167264,0.04889417792071499,9
12,0.315534632034632,0.04689988171822504,10
13,0.437716435525259,0.036506765059173045,12
14,0.2396206734442028,0.06272368299182926,13
15,0.46016284365490184,0.03453182726919646,5
16,0.5395549160879098,0.014097476084119827,4
17,0.14660062431441745,0.01140453204321464,2
18,0.6652328922367622,0.019660353901262764,5
19,0.6891896030077818,0.02092472408056239,6
20,0.6704596544666204,0.021914611055890088,6
21,0.6225754913301353,0.0248790028041242,6
22,0.6678511003100787,0.02019538778485885,7
23,0.6534939847733965,0.017368156481801397,7
24,0.50860989010989,0.027336342670719577,11
25,0.29663757321110257,0.05591511914022793,15
26,0.5954744692832642,0.01984311676181401,4
27,0.0648919413919414,0.0817491419250043,7
28,0.32009584537276725,0.03116316816682776,3
29,0.14245570321151718,0.010219590013304539,8
30,0.40955909286791636,0.031453382638598426,15
31,0.6854738296619101,0.01840344751813766,5
32,0.7015055077772469,0.017238778762911855,6
33,0.5902330607988503,0.026843242840357502,5
34,0.3936734143049933,0.01622417101381051,9
35,0.37350184284240007,0.04371773777924144,6
36,0.31972931657725606,0.03129522100361678,3
37,0.5551431803490627,0.02289470036242374,9
38,0.3956881011145717,0.03975334015193435,11
39,0.5629764778721973,0.017289285417088074,4
40,0.08431315373652833,0.07387880146571285,6
41,0.6236988615959205,0.023901804107601832,7
42,0.6026052036199095,0.020048205146379058,8
43,0.3495325485487257,0.014759960092229539,3
44,0.5298114352967294,0.030365626697171806,8
45,0.6887308656666916,0.021229838748497914,6
46,0.4544795700889051,0.0351944676060611,5
47,0.16480451200953386,0.026590672534373916,2
48,0.08405575905575906,0.010496237297842537,10
49,0.3343267923819747,0.052048743543564716,6
0,0.32626984126984127,0.08976058303152797,36
1,0.3833819241982508,0.05363798668220661,32
2,0.35746825396825394,0.05958638632643896,12
3,0.047619047619047616,0.03766419555925446,44
4,0.15528860028860028,0.08259816967646466,14
5,0.06371067821067822,0.0905152491279438,13
6,0.33,0.08468602358114972,31
7,0.1215156794425087,0.04864641464012472,44
9,0.09859595959595958,0.09011141945745266,14
10,0.43218253968253967,0.0631385343039681,24
11,0.43773809523809526,0.06265811941480678,24
12,0.42424603174603176,0.06665154711640389,24
13,0.3977380952380953,0.06994506715789539,24
14,0.31462585034013607,0.03549714067219151,24
15,0.3840396825396825,0.07337110702755971,36
16,0.47910606060606065,0.0377610549083635,19
17,0.07756696428571427,0.020752373185768752,19
18,0.5141904761904762,0.04372516560288127,20
19,0.4737777777777778,0.03666531262288479,19
21,0.5112099567099567,0.04302075250932642,18
22,0.499579365079365,0.04352718406049131,17
23,0.540978576978577,0.027771094752845938,10
24,0.38263708513708505,0.0266392414247977,16
25,0.46367460317460313,0.04883758613272395,11
26,0.22934022767356102,0.014271304972135312,10
27,0.05092592592592592,0.026862134398736436,28
28,0.1441029900332226,0.032601149188864816,28
29,0.52,0.04473135805269657,16
30,0.014285714285714285,0.01881119885495519,21
31,0.52,0.04474431000710451,16
32,0.4556349206349206,0.054401177923771325,15
33,0.4730440115440115,0.04734193460832102,12
34,0.3145165945165945,0.05709187785461885,10
35,0.280571752510528,0.030484603659972097,21
36,0.515550505050505,0.04239283838081546,15
37,0.29061386459345645,0.051196353646266804,35
38,0.5158513708513708,0.041818477510143434,13
39,0.0546038961038961,0.09561057589552713,13
40,0.5176544011544011,0.038224635295729656,12
41,0.5154797979797979,0.038989196042021654,12
42,0.46021428571428563,0.029981568145395335,16
43,0.49193145743145733,0.04631881189836986,13
44,0.3961349206349206,0.052651970236429965,10
45,0.3366242600936478,0.021542703762822163,14
46,0.4920238095238095,0.03357292679943569,17
47,0.43873015873015875,0.04007194522043928,22
48,0.37888888888888883,0.0576975987585491,12
49,0.5299076479076478,0.03978555248345354,14
0,0.2907227233550763,0.05064809171694478,9
1,0.2971507936507936,0.0515577242345337,8
2,0.255121183426137,0.062272354521223205,9
3,0.07774725274725275,0.018988107996922028,23
4,0.4013058608058608,0.03800342455467239,16
5,0.3524862637362636,0.03982684217685487,20
6,0.14173210123210123,0.0982991478833106,22
7,0.3433342490842491,0.0387883989139742,20
8,0.024035547785547784,0.0849534807155044,4
9,0.08704212454212455,0.013806656495798889,13
10,0.23014081996434935,0.06728570087459584,15
11,0.36627106227106226,0.032481436083383566,17
12,0.4054821697909933,0.030535231007907726,15
13,0.38111111111111107,0.026140148763234387,14
14,0.38302014652014643,0.040899318314993265,17
15,0.35393665158371035,0.023232811350702723,13
16,0.2552550194903136,0.061621065202376174,11
17,0.05745561961048156,0.07577345866138174,5
19,0.35740659340659336,0.04727106719045601,17
20,0.28326739926739924,0.03044651092069788,19
21,0.3917032967032966,0.03675058526257345,17
22,0.4121291208791209,0.035643831657991634,15
23,0.34379562104562106,0.045488643453755,11
24,0.2533395682331852,0.02198813338517092,15
25,0.4832181152181152,0.03220432577122561,11
26,0.5892764358104916,0.026967912613809947,6
27,0.16168420238888742,0.017182527236409416,2
28,0.592814017509838,0.02691959003993319,6
29,0.6213521945890367,0.025276051347455298,7
30,0.3064882977369719,0.05349124323579209,6
31,0.6002999835561755,0.026990437416255814,7
32,0.6121998189289211,0.026010474137284086,7
33,0.5383675213675214,0.017046901662856877,8
34,0.353616104951517,0.010350072211915634,3
35,0.6343508781380298,0.022026549682966277,8
36,0.5095631868131868,0.018842733167652094,9
37,0.3068143783461121,0.04552465660357109,8
38,0.4919493284493284,0.021825362099429018,10
39,0.6213521945890367,0.025258167340394575,7
40,0.5419315061271631,0.015418135977939349,4
41,0.6336549943864186,0.0234796459946475,7
42,0.675655875170581,0.021786838957615524,7
43,0.5494544279250162,0.01981620258830863,9
44,0.5444676430712964,0.013808731333092166,4
45,0.43881507055036456,0.03441441261188676,7
46,0.37316175980881866,0.04258196566110836,10
47,0.6375757522491269,0.02375798547744122,5
48,0.01532677848467322,0.09202023019281053,2
49,0.6579503881051869,0.02218155523970326,5
0,0.19316333666333663,0.07858781568034828,19
1,0.5402208670242726,0.02892487776695163,5
2,0.15574583749583748,0.09233534750934862,22
3,0.16148942723942725,0.0916560912730624,22
4,0.3196578081782164,0.044334623908478824,24
5,0.30938444888444894,0.0605007863094623,21
6,0.16842168615698025,0.08595194704097521,14
7,0.5076694677871149,0.02576625092924971,11
8,0.16666814557991028,0.08480695919468695,17
9,0.2950201465201465,0.06452410404571528,24
10,0.6386428992487347,0.0102454127023189,4
11,0.15021475872802573,0.012990408140510393,2
12,0.1723319857325912,0.03143909753968136,2
13,0.1373445353096516,0.010130033616087261,8
14,0.6161086454824845,0.026718425158613543,7
15,0.3366220821661997,0.04549841730899916,7
16,0.4779273504273504,0.02116026976220934,10
17,0.4048682867560442,0.04095377534527679,5
18,0.15875790875790877,0.015685204882748598,12
19,0.4480858425125823,0.03670602037342588,5
20,0.20312524355077544,0.02035968222768292,15
21,0.49447347523178725,0.031117070157258394,5
22,0.5833677285047254,0.02560205412922569,8
23,0.30018486166396385,0.05281765798365298,8
24,0.5494544279250162,0.019841396226347167,9
25,0.3510185545884658,0.010466672219268305,3
26,0.625488256841198,0.024546936857908607,7
27,0.423026085026085,0.0380386746892909,12
28,0.3375872892693124,0.05165543630381211,6
29,0.37483317391731247,0.017153023359525676,3
30,0.09386950218683963,0.06548008175513369,4
31,0.6677999561498014,0.022112276513081775,7
32,0.6217353016780262,0.02539198907669,7
33,0.4657800957212722,0.033952148782723554,10
34,0.6330245561112435,0.0230102216353573,6
35,0.005952380952380952,0.09948001845019318,4
36,0.07682500179559003,0.07433781670218997,6
37,0.5545268799827624,0.021319544179563717,9
38,0.0758241758241758,0.015855085245149687,17
39,0.34057745943560597,0.04622992330692775,4
40,0.4555011312217194,0.029619333889893594,13
41,0.6325877627704254,0.022909081704363905,6
42,0.6430880230880232,0.022513189883026856,6
43,0.6941529521390203,0.014691239829428026,6
44,0.15348248728116873,0.014269268687856195,2
45,0.3761405363970775,0.017281622272049515,3
46,0.09353741496598639,0.010593452831870603,9
47,0.48440738617808216,0.032332598115897844,5
48,0.5348830891330892,0.028813770652100747,6
49,0.2825110263885774,0.01768078166684888,11
0,0.29355407242585807,0.05039487115407855,3
1,0.13076923076923075,0.018134049260666717,15
2,0.23939776889776884,0.06960086896785045,18
3,0.37625444739299224,0.0405949089600739,6
4,0.25784555580473945,0.0326485609519046,21
5,0.4912614730470768,0.031064780110995033,6
6,0.006493506493506493,0.09774073832262443,3
7,0.17224042091379552,0.08198873912468091,13
8,0.6704441638512846,0.020659376532849386,7
9,0.35843529999412355,0.04068431661059239,8
11,0.5134342814048697,0.023938811996140584,10
12,0.4368980463980464,0.022191312655838284,11
13,0.2583070637652681,0.06218117738934393,10
14,0.1,0.010565597429336293,15
15,0.5833677285047254,0.025606194944856886,8
16,0.3295660325976452,0.05251324760499846,6
17,0.2105057483141554,0.040452344343804826,2
18,0.5298114352967294,0.030318360672003795,8
19,0.05175487777528594,0.07698004282409171,5
20,0.24925213675213675,0.018003315817396254,12
21,0.48991204409625455,0.032235291319680545,8
22,0.5747061925003102,0.02647672128860768,8
23,0.32347246870776286,0.044979122594027726,9
24,0.5357331896373221,0.027667545648497202,4
25,0.11002477914242621,0.016890120817963247,15
26,0.4132547137245279,0.0355144124465257,7
27,0.2532907337760279,0.05801471848284627,11
28,0.3782773109243697,0.024298139327730534,13
29,0.27459654414156265,0.04852723658103572,2
30,0.5414579187627574,0.014633313504671121,4
31,0.5717909058842949,0.016716414236244932,4
32,0.5820593724724495,0.023175415653992476,4
33,0.6351934559248802,0.023460945420415356,7
34,0.6594033207485892,0.022149838339849133,6
35,0.4208933608531132,0.03651841346219792,6
36,0.6770357142857142,0.018863423685432666,7
37,0.11148296148296148,0.0211241142673281,19
0,0.3471408591408591,0.045136991737690355,11
1,0.37890134538663944,0.03903378988430336,8
2,0.5603325500608782,0.02788351057638965,8
3,0.09727180198542427,0.06471749317258338,3
4,0.44018447402270927,0.03441493887579779,6
5,0.09163614163614163,0.01419062905800183,14
6,0.21235860707919532,0.07028011117340233,12
7,0.19817361496880945,0.06390727020147079,6
8,0.3431098901098901,0.034048073669062096,18
9,0.042038812251578205,0.09579599532340513,8
11,0.3506654131708209,0.02669256304501481,3
12,0.2821135531135531,0.02585393828058819,16
13,0.3236968928316216,0.05277565725430397,6
14,0.16404196077059716,0.022157933497778864,2
15,0.33394957493486904,0.04431558127224344,9
16,0.16037587412587415,0.09136103875081002,21
17,0.45979253396802866,0.03401226006606404,5
18,0.13296925417204056,0.08134791720450431,10
19,0.31917221049567446,0.052531526297042254,5
20,0.2111682643597537,0.019303929390624766,14
21,0.46301703280940054,0.03380487564418765,5
22,0.5210803062232933,0.03031730228530751,5
23,0.31882982703570945,0.04427771041222599,8
24,0.5034069558681034,0.029079915296807247,4
25,0.16478969251116332,0.020581279281618882,2
26,0.5648338508301471,0.017048169614544945,4
27,0.15572126286411997,0.015536575804517658,12
28,0.5205442612942612,0.01667875084988041,8
29,0.08885400313971743,0.01040820168150981,11
30,0.3375265615017937,0.048923804167048605,7
31,0.3897147705235941,0.0182202515908532,10
32,0.6217353016780262,0.025397666434537974,7
33,0.36624673677733477,0.040921577656847494,4
34,0.3319783067047492,0.02869542356873361,3
35,0.6168814069487444,0.025728322378608375,7
36,0.3834469968456036,0.03866459117957004,7
37,0.2750711214310286,0.059620512428161763,9
38,0.3638230984701572,0.023510265144225495,13
39,0.3986253206717603,0.037221030023975143,7
40,0.19060844324234416,0.07311061477599526,9
41,0.5156901242891956,0.030311212760675763,6
42,0.5790669666740134,0.02435120667052789,4
43,0.5365955797293481,0.014144878113157781,4
44,0.376463710145283,0.02353689496616456,3
45,0.16562647844292716,0.024642761069876378,2
46,0.1,0.013045606353706333,17
47,0.6765895934131226,0.020906053402196395,7
48,0.7048275033360173,0.019508284050599095,6
49,0.6723920066861243,0.020256364958683756,7
0,0.2040526849037487,0.02458067585351518,18
1,0.18836547061469658,0.07726286252276283,11
2,0.06239445521798464,0.07408947654668038,5
3,0.321952380952381,0.0312990249159566,18
4,0.3163104395604396,0.05339514174435239,24
5,0.44034126984126987,0.02246096107072374,11
6,0.30458731464613814,0.04811690531370456,9
7,0.31047802197802193,0.060877070929709294,23
8,0.3136080586080586,0.057043865046657795,25
9,0.15841727184064644,0.08509234880051267,13
10,0.15298990569376364,0.014234623419085103,2
11,0.34598168498168497,0.03410920868342672,18
12,0.3931220103425986,0.0365712188591112,17
13,0.1,0.010603112520370536,15
14,0.370807364204423,0.04005304844703267,8
15,0.24281817473306833,0.021548910198662438,15
16,0.33445146520146524,0.04024073458870577,21
17,0.4590454822954823,0.02292470526707633,11
18,0.6807286504345328,0.021697372912679456,7
19,0.14157559339525283,0.06783235195810244,6
20,0.017857142857142856,0.09669385556406089,3
21,0.37383683473389356,0.019462270230052505,11
22,0.5352864260782217,0.0266891157212075,9
23,0.5583759135601241,0.028233795462274017,8
24,0.33538958916900086,0.04535500570535478,7
25,0.52884276181335,0.029698951705933868,9
26,0.5426087310902649,0.015756031714948597,4
27,0.5435270845999077,0.01521144233871751,4
28,0.6927357877872415,0.011677097537867397,5
29,0.5608356127876251,0.011766526286318487,6
30,0.14662738890556326,0.011012215443966621,2
31,0.5752044326502531,0.027303457511648907,6
32,0.7140984805939038,0.017676327897233286,6
33,0.6826871495377688,0.018699215752555343,5
0,0.3080851060704002,0.05393287018341003,14
1,0.25168847818847817,0.0718361566602652,22
2,0.301874400393582,0.05646591993776124,7
3,0.08674705523234934,0.09729118551476938,14
4,0.37993681318681316,0.043281150766553804,17
5,0.26212670662670656,0.05961720639794373,14
6,0.2820400687747626,0.037716883609918886,23
7,0.28265293134797775,0.05842267473599651,8
8,0.20220492252845193,0.0724300897885269,14
9,0.3010805860805861,0.035721331326767525,21
10,0.15052125968539792,0.013116706220544942,2
11,0.32599999999999996,0.03248790308853369,18
12,0.18097680097680094,0.02310443778937156,18
13,0.37274472096530914,0.03602253266871904,18
14,0.37008882783882785,0.04362467445177903,18
15,0.09811355311355315,0.025421399119031993,25
16,0.16507659007659006,0.013201451072446021,10
17,0.3658141025641025,0.04646350680334114,19
18,0.19496168966912003,0.07521639277403852,10
19,0.30269963369963365,0.026795584913891814,16
20,0.3413643023643024,0.04641454053372574,11
21,0.3620384615384614,0.04435901199891993,20
22,0.379591575091575,0.0416556745925312,17
23,0.38139151045033404,0.030902835870585222,16
24,0.1861741095783649,0.02089882942208952,16
25,0.38643912949795306,0.031209331929054146,16
26,0.5002315821433468,0.030497425624682134,11
27,0.25573107448107446,0.01833857208506387,12
28,0.5298396071592666,0.029724581014976333,6
29,0.6319044435956201,0.010292954983603452,5
30,0.5753033876601724,0.012273085415870449,4
31,0.35283970317223984,0.010112866614333263,3
32,0.6954526800236451,0.016404594858809685,5
33,0.6917555488251746,0.01708056799383186,5
34,0.6868883211731509,0.018201550066335104,5
35,0.6873540133756851,0.01808162685057313,5
36,0.5704798534798534,0.018009405610028832,8
37,0.03218747064900911,0.0935771563818911,6
38,0.16121944182175482,0.0167991077859444,2
39,0.24409787600637645,0.06359506420373841,8
40,0.5814875338089768,0.02441980942717431,4
41,0.692473990245258,0.016681759323621908,5
0,0.14767936475289417,0.09071160666450555,16
1,0.07703296703296703,0.021231526698810562,25
2,0.2579911429299974,0.05722893659792062,5
3,0.4409121511443493,0.03718878844775408,5
4,0.1993959940768451,0.026077554763916544,19
5,0.22720729270729265,0.07155979027914261,18
6,0.1443575591075591,0.0983595290072375,23
7,0.5034126282214517,0.028822858432258937,11
8,0.247209313353616,0.04556513427241598,2
9,0.15200357975357975,0.09682931118918876,24
10,0.1157557354925776,0.01308324300751552,11
11,0.4224661041572806,0.0377598453487539,10
12,0.4374033058444822,0.0345148865646145,7
13,0.28019172494172495,0.05573329849952101,12
14,0.25381832220067513,0.010216893826113023,7
15,0.29599465715335443,0.04485025048855756,3
16,0.3972942612942612,0.02691711432370629,14
17,0.20416543941991513,0.07221275317885027,9
18,0.21644179856950754,0.06585037424944315,8
19,0.4329510419898224,0.03853784080313834,5
20,0.4287264059469941,0.030168286399502815,14
21,0.4462644855144855,0.033861520839955396,6
22,0.3756995221866896,0.046656078974735914,5
23,0.37516138376632036,0.01711575581830832,3
24,0.6860315980888737,0.020804493520232586,6
25,0.4288357753357754,0.02198107078532394,11
26,0.5756501831501832,0.018633269362686142,8
27,0.516518315018315,0.01911242994641566,9
28,0.43645757020757014,0.017243569609114596,9
29,0.1,0.010044324525594605,13
0,0.4478502608502608,0.0354667725404486,11
1,0.2249714060449354,0.06904480111975626,15
2,0.2270489926739927,0.022928980723762604,16
3,0.23810492551418086,0.05502981751512729,3
4,0.2181142631877926,0.0705120776027318,15
5,0.4688693528693528,0.030216828931152545,12
6,0.563625470694307,0.017113680936958305,4
7,0.625450926524456,0.021541204116745857,8
8,0.13902376545023604,0.08099771918035586,10
9,0.27896697420226835,0.05367270412439167,10
10,0.15167665667665667,0.09916687536002072,25
11,0.3353600203422895,0.011723563843423365,3
12,0.2531386180845965,0.01039693298587277,7
13,0.3711186667649516,0.04163595124282633,6
14,0.6880907019088808,0.0209765182518298,6
15,0.33939075630252097,0.047109653798935225,7
0,0.3921465058739389,0.04316767508216072,5
1,0.20756168831168828,0.08182559538009206,24
2,0.22904569286922227,0.06642575140148203,11
3,0.5052850515497574,0.02985284720907634,11
4,0.40591493800317324,0.03902785665253784,11
5,0.15997557997557996,0.028763555914711247,23
6,0.572969443954738,0.026998169728270238,8
7,0.1407104523383593,0.018704598755394077,15
8,0.15203461897579543,0.08339835034891784,12
9,0.1668159724792079,0.028979479233844085,2
10,0.31307584082584083,0.05726054339157429,18
11,0.38528388278388276,0.012229854360851876,7
12,0.33538958916900086,0.04534491716785121,7
13,0.25852747252747255,0.027939326542044743,18
14,0.09403875694198277,0.01033657278637046,9
15,0.2412030910266204,0.0647485708412397,15
16,0.40689604843743366,0.03639179303211742,4
17,0.04116300366300366,0.09445005168153153,8
18,0.34038003663003663,0.050042285700177984,17
19,0.07862637362637362,0.02004005312179709,21
20,0.2746917249417249,0.05734086085729128,13
21,0.3071921040513516,0.0350420560899289,3
22,0.4683868002109018,0.033030858698074546,5
23,0.6895998225611902,0.0212782211156917,6
24,0.5535744990303815,0.021231823136363806,9
25,0.5428512712777419,0.020349788925183226,9
26,0.7114029938070184,0.018810533957481557,6
0,0.12338320013320013,0.09902400908439786,18
1,0.07900520532099478,0.015091671507458469,15
2,0.020889894419306183,0.08420051020849498,3
3,0.37049573689124776,0.04376808250960822,6
4,0.2876638606491548,0.05485935318792429,12
5,0.1,0.014327807985242542,19
6,0.07850784672843497,0.09703467662964926,13
7,0.08626373626373626,0.022124636736220914,23
8,0.04335052702399641,0.09387447482192006,8
9,0.3481593406593407,0.04996032637864641,19
10,0.18849918566510418,0.03616734639317946,2
11,0.28976626538236444,0.05568399359166253,8
12,0.32679853479853477,0.052145785784505655,23
13,0.4220936313428573,0.03535429775029287,7
14,0.4377614574967515,0.03423740351804012,7
15,0.4781120823620823,0.033106832400882566,10
16,0.21570314489432135,0.06975006087645888,11
17,0.5292675608705021,0.025492399718519656,10
18,0.5334045823457587,0.025853174939756696,10
19,0.3549230769230769,0.025264467137746386,14
20,0.1073498619543511,0.06359690864325819,4
21,0.4215076312576313,0.021404560189433625,11
22,0.5138097800891918,0.029569801379656986,10
23,0.30831501831501834,0.028034555462295767,16
24,0.1743797868797869,0.01216276617608334,9
25,0.39126415293276245,0.04318172627124813,5
26,0.3700840287163817,0.04230903333360535,10
27,0.2448374542124542,0.019351880273915698,13
28,0.3597278603749192,0.029984947056928286,16
29,0.5393844114262071,0.026546425442353517,9
30,0.6712443981886708,0.0111474465445193,5
31,0.6726795882136439,0.011004069415610423,5
32,0.6882108009809248,0.011626471324201958,5
33,0.6378335544388108,0.010054556641840575,4
34,0.14706305836659095,0.010814190958129861,2
35,0.5595159237251981,0.017225527256927494,4
0,0.22822686463862932,0.06536615659333497,12
1,0.08086419753086423,0.020653526112033586,21
2,0.19442984551680206,0.022511739343349862,17
3,0.15016433566433565,0.09352446492738065,21
4,0.11015911172161172,0.02065567032275756,19
5,0.20569324292728544,0.01814788637755594,13
6,0.16617898767898764,0.08694192985165869,19
7,0.35044692577586295,0.026701683772324493,3
8,0.24694488844488846,0.06933337042770242,19
9,0.285237012987013,0.05993249248333521,17
10,0.19757376536791682,0.03829051575390178,2
11,0.38047520762691045,0.04303468504064935,6
12,0.3039192614912903,0.03914423713147445,3
13,0.3345998743258805,0.04295501192157991,8
14,0.3383213302865006,0.04868677424493244,7
15,0.5398576570488335,0.029929425114348353,7
16,0.4680930485922745,0.033499724155027735,8
17,0.09563710099424386,0.01118426441892717,10
18,0.466873286843875,0.033682667010578156,10
19,0.3193424514983963,0.0522771539989155,5
20,0.5144075499663735,0.030069323588551952,10
21,0.1362179487179487,0.029388182036834198,25
22,0.08525641025641024,0.010841145658014417,10
23,0.48715013933434986,0.032321771002876094,8
24,0.3442401764901765,0.04875981840907394,15
25,0.5269508236002044,0.029978267670754195,5
26,0.6187059199830098,0.025366016499557647,5
27,0.6944052223594893,0.016794825310803205,5
28,0.551417125814449,0.01592830892539037,4
29,0.5480698447900733,0.015848259195643956,4
30,0.036999873209357,0.07219546455303008,2
31,0.5425409058466877,0.01517173594314975,4
32,0.6948040523803682,0.01600013124046307,5
33,0.6461549887572232,0.022289967558136916,6
34,0.6353170596173692,0.023219718586950436,6
35,0.36932492997198874,0.021645922650737514,12
36,0.6636881792098509,0.021993066929122274,6
37,0.11634739134739136,0.010866441028971476,9
38,0.2758241758241758,0.02087031603338121,13
39,0.20076377523186031,0.01683060236869417,12
40,0.014285714285714284,0.09974616070804176,6
41,0.633797746629016,0.02350751920294669,6
42,0.3720251465357985,0.024064216943088267,3
43,0.6779535727430464,0.020501009298127426,7
44,0.6766583710407239,0.018362823688787888,7
45,0.14349961914590398,0.07671542660430933,9
46,0.6728369424692953,0.0184397296284262,7
47,0.5267928475033739,0.014267078345411474,7
48,0.42164668338197747,0.03720333621413126,9
49,0.12132995209918288,0.017846925771973013,15
0,0.1,0.017193205568928123,25
1,0.10950811093668238,0.022020944718734982,20
2,0.1,0.014324982258455483,19
4,0.30695512820512827,0.0271236011706059,16
5,0.23692157842157838,0.07035602831789081,18
6,0.22164312597438254,0.05759800489441677,4
7,0.34495787545787543,0.049057355307436934,18
8,0.16153049848702022,0.017237153763717438,13
9,0.19026186579378063,0.03375710811427778,25
10,0.07198297780650723,0.08810862057445257,10
11,0.377291958041958,0.0440555979961222,14
12,0.3594776938747526,0.04414401963241326,11
13,0.33551654099254713,0.04272878034236936,8
14,0.23781114963467903,0.06372092452560421,13
15,0.07487341940824914,0.07543678409227114,6
16,0.3839568323833029,0.04005283314924157,10
17,0.45470897566485796,0.03406456967540422,8
18,0.17432406791809205,0.032285856751745286,2
19,0.45562564233152464,0.03422024377132333,8
20,0.30667783039189017,0.055964979061577894,7
21,0.4519900426371015,0.03539413634426739,9
22,0.48494775510978905,0.0318674951214485,5
23,0.5539324007605742,0.028093472728767974,5
24,0.6159830711943716,0.025438985353459932,5
25,0.5634899784705866,0.025571310624029998,4
26,0.16532963620707164,0.023355628263368462,2
27,0.5631363593210207,0.025036245645773572,4
28,0.3815651158924884,0.02210715473908502,3
29,0.5807590012164559,0.018633082823891495,4
30,0.45959584859584857,0.010759627745098421,6
31,0.5807590012164559,0.018637649574254348,4
32,0.3743535252249996,0.01854678122643479,3
33,0.6977172257566996,0.019771324899761765,6
34,0.6194148606811145,0.016432815191893397,7
35,0.27139383225817804,0.010599122343087505,7
36,0.2086353362949107,0.015820529976855506,11
37,0.1,0.014842971530262178,22
38,0.685217409095892,0.02044304057556161,6
39,0.025716440422322774,0.09594745071725186,6
40,0.38173518638224513,0.02860981972533334,15
41,0.6694997770099063,0.02015137607058627,5
42,0.6459095797563289,0.022891908229019788,7
43,0.6814572943396472,0.02100434710926898,7
0,0.3636828220798809,0.04296772373543478,11
1,0.08846153846153847,0.01611882848668508,22
2,0.20410334346504558,0.011239568462998327,8
3,0.13303338328338327,0.09993894042358327,20
4,0.5316415218768159,0.030558436170958908,8
5,0.34953388278388275,0.04789249576647297,16
6,0.3499606227106227,0.04889702265170702,17
7,0.4707597152589413,0.03314913564732527,8
9,0.19460106560106558,0.07662180225275636,17
10,0.09723201832567158,0.06505156180089404,2
11,0.5020655070763431,0.03070207740980155,6
12,0.17243109486186728,0.03156582283764802,2
13,0.48688845717406104,0.031127189966691927,6
14,0.45820757020757014,0.025675956788373318,12
15,0.15520000143637241,0.0632121861651952,5
16,0.372244285126638,0.041003063284732806,9
17,0.638718609391984,0.023746632886393483,5
18,0.5942563604916345,0.021506023962705376,4
19,0.5820018023893486,0.0187875262568526,4
20,0.16729947503476914,0.08570247039879904,14
21,0.5926484796762491,0.020070463956905607,4
22,0.592798212782365,0.022052083220849082,4
23,0.16479662807311984,0.022570135929913727,2
24,0.25023174104806756,0.03862767436127862,25
25,0.08727106227106225,0.010376222840873427,10
26,0.6050328101551012,0.026030730858293022,6
27,0.22623921567780766,0.06028844313310244,6
28,0.3089702905640448,0.054433862060774496,7
29,0.43454750641515344,0.03770608531226566,11
30,0.3886216332686921,0.024629029017888392,13
31,0.5872307687451718,0.024133869811631382,4
32,0.5375046193591018,0.015018671369635651,4
33,0.29574651519325185,0.04489749402909049,3
34,0.6507836673130791,0.017186348779861287,7
35,0.4718064713064713,0.01817978491985218,9
36,0.5889071264133184,0.027261743767244648,7
37,0.0889194139194139,0.010179429871426237,10
38,0.42585113519091844,0.035552657145778155,6
39,0.34347013530687004,0.015036258367923286,9
40,0.33755298786181137,0.04504145850934373,7
41,0.3790855514876254,0.020752005842802373,3
42,0.5668069202039792,0.027877848913906232,5
43,0.6927161307680219,0.015058045245179803,5
44,0.42951739926739924,0.014759207613079032,8
45,0.4581134173591772,0.034896214218740076,5
0,0.2589108170740823,0.03973747570394884,25
1,0.2464270729270729,0.06354783160228236,15
2,0.31944774343303756,0.052967458671356556,14
3,0.2770074696545285,0.05739391450550535,9
4,0.25556993006993006,0.06044682322285307,14
5,0.28163919413919414,0.015839375563049832,10
6,0.26223659673659666,0.057494795582542536,12
7,0.03218747064900911,0.09311053566351099,6
8,0.32168131868131866,0.05673655047703496,24
9,0.3323141025641025,0.05346804017521313,21
10,0.1739312354312354,0.0842874925117929,19
11,0.1967300061050061,0.03442815375565958,25
12,0.20490967365967364,0.07734143566289116,20
13,0.3357847985347985,0.03943062729812782,21
14,0.3255054945054945,0.03383498991756738,19
15,0.1,0.014717543502471668,21
16,0.22969701655729557,0.04310898794976614,2
17,0.23650793650793647,0.025224287357528415,17
18,0.2686335331335331,0.06838582537622942,22
19,0.3498507326007326,0.048428287070641445,17
20,0.36746062271062263,0.04499355124473873,17
21,0.3675558608058608,0.04519560519241249,17
22,0.3561657509157508,0.04685105638852802,17
23,0.2666556776556776,0.027028898748642293,17
24,0.369240411549235,0.04548499547124225,16
25,0.2162818096935744,0.06873449250721592,12
26,0.2834828436869253,0.02568330867646807,16
27,0.4706792374292374,0.03437868075862267,12
28,0.4857215679057784,0.03237114808931643,8
29,0.46605859173506237,0.03275056487885579,7
30,0.6855495101285248,0.02087402821700863,6
31,0.6956698618718741,0.01994886526968728,6
0,0.31244671994671996,0.05545504772751286,17
1,0.3847831177776982,0.043714554809348,5
2,0.15003654678654677,0.09811645300520706,24
3,0.016984635734635732,0.08274655799539538,2
4,0.3242122877122877,0.055389553517336224,19
5,0.7204079249036509,0.012852988755119,5
6,0.32739652944757935,0.05291754788811801,7
7,0.21052872127872124,0.08071206105373827,23
8,0.197558941058941,0.07802712738601968,19
9,0.17516722408026753,0.030969625547279958,24
10,0.23116300366300363,0.014516725841109471,10
11,0.15120254588363097,0.013202796296702245,2
12,0.43271306308071006,0.036045972479465505,8
13,0.5139995559995559,0.029404780963322642,10
14,0.3937332112332112,0.02261046024272,12
15,0.34796336996336996,0.02292883306125512,13
0,0.14025335397316818,0.06796998140969779,6
1,0.04418906093906094,0.08348217534344794,6
2,0.4396615982057158,0.03438267882292916,6
3,0.3451446886446886,0.04840416244298442,21
4,0.6350747532481279,0.024039234759787018,6
5,0.5289339598310187,0.027421463294038433,10
6,0.04198475135975136,0.08251365377279216,5
7,0.7164026565222217,0.016833467024724325,6
8,0.04755169830169831,0.08798534186506157,7
9,0.2578052971542001,0.06048650568169438,7
11,0.14682185577752038,0.01117673803846889,2
12,0.4798793363499246,0.02824317516144643,12
13,0.3848107578695813,0.04400315050516976,15
14,0.07703296703296703,0.020549558411777857,24
15,0.21486385447889653,0.041513548067828226,2
0,0.6268477160094806,0.01677912230770795,7
1,0.23416575421377342,0.011804896599431817,8
2,0.1945188781806429,0.0767793379159927,14
3,0.2400996503496503,0.07077306914491474,20
4,0.36881576756576756,0.044738862923555694,14
5,0.12210622710622712,0.019832106416176096,17
6,0.30547521860557864,0.03523520629087667,3
7,0.06941421237860868,0.0728362982707619,5
8,0.09980068950657187,0.02219949812104887,21
9,0.17962968404144872,0.07982798059517256,16
10,0.04545054945054946,0.09629427812968279,9
11,0.3636828220798809,0.04298160000757902,11
12,0.31500732600732595,0.05117322295888832,25
13,0.4785805860805861,0.0317275029827272,12
14,0.5085663911252146,0.030932862171773122,7
15,0.5599189461209585,0.011780497861414895,6
16,0.1492115392438712,0.010310951568648067,2
17,0.6636254002275674,0.02159474957970678,5
18,0.16999384290572206,0.060200002393618154,4
19,0.5526138763197587,0.021943706132655,9
20,0.25054164952694363,0.060490430064724814,11
21,0.7093183621055811,0.017045136832544123,6
22,0.629438030493758,0.023835945899138546,5
23,0.16456995238915922,0.025912943683769285,2
24,0.4344045832048928,0.03733785221099741,5
25,0.5310939894254203,0.02806441062193893,4
26,0.33592549607255484,0.0432458497665814,9
27,0.7087754104751681,0.017455236467676265,6
28,0.6612687100481218,0.01744040422950044,7
29,0.18709401709401707,0.01501360671855581,11
30,0.39987532067176035,0.037108634732975834,7
31,0.6617826617826617,0.017656225790625035,7
32,0.5167347374847374,0.016736173967897814,8
33,0.36756641798463213,0.01628079458254494,3
34,0.5936735485017219,0.026855396751052703,6
35,0.09283494283494284,0.010477336124344133,9
36,0.2736336996336996,0.02042325181811318,13
37,0.4437025104891514,0.03230348322051509,4
38,0.3684231484314133,0.04848058293731126,6
39,0.07609890109890109,0.015139737061144604,16
40,0.3769462171815113,0.03931923799958126,8
41,0.6684715219421102,0.01958307641967175,7
42,0.4652481684981684,0.02025002658529241,10
43,0.3646528772134287,0.025734284331601017,3
44,0.6995771915239206,0.01458950775317674,5
45,0.01532677848467322,0.09743002367019624,5
46,0.15299236411861114,0.014203498264620959,2
47,0.2533415564027809,0.030760730408846824,20
48,0.68720461414044,0.021115947889732322,6
49,0.03618117993117993,0.08578072438013265,6
0,0.04276048951048951,0.08367835414845054,6
1,0.3485320512820513,0.04901304775740871,17
2,0.4677497502497502,0.034525769308469866,12
3,0.02507122507122507,0.08992867282265922,4
4,0.13267220584293754,0.014685596902833678,12
5,0.39997252747252743,0.03808250219505622,16
6,0.3125228937728938,0.059006777518770454,23
7,0.1403681788297173,0.01589755240849843,13
8,0.3385760073260073,0.04079803528507979,21
9,0.41936584015377903,0.03530715987032402,4
10,0.25125547749464155,0.06338341892312371,9
11,0.16733499056167048,0.029602526281658582,2
12,0.5618803335467422,0.02758327215555061,8
13,0.5535570997629822,0.02217087639853509,9
14,0.5284608381814263,0.019449896277468546,9
15,0.5862080646391793,0.025495105605088223,8
16,0.11505346932049719,0.07316977003656823,7
17,0.32799944173473583,0.05320822650873557,16
18,0.27139383225817804,0.010601903421229754,7
19,0.5281307728219493,0.02638755498498357,10
20,0.3624954212454212,0.046085960306420315,19
21,0.5072322954822954,0.022807316177504366,10
22,0.601539036900492,0.02632608060995015,5
23,0.16477302281923106,0.02668754373894167,2
24,0.3975890289775335,0.04279162631247381,5
25,0.4927067132214191,0.03140609135089348,7
26,0.6212106171531121,0.010545975505835567,4
27,0.5886306420693218,0.011535298828115733,4
28,0.35298356816795484,0.010166785824145395,3
29,0.6926632476346434,0.016726668246594634,5
30,0.7089680299920238,0.019342813901397478,6
31,0.7047856123065102,0.019205857410619503,6
32,0.722110411260566,0.017904598728472408,6
33,0.7120626615498737,0.01691215967578233,6
34,0.7234437445938994,0.01793107218727654,6
35,0.47060922410922407,0.03302083147116692,11
36,0.06367264598146952,0.07861904076949626,6
37,0.23748473748473745,0.020334830008327424,14
38,0.09155546834118265,0.01501517763141475,14
39,0.057087412587412595,0.09971937749168797,12
40,0.22948717948717948,0.03735315995416043,25
41,0.719257179696808,0.01815240068750471,6
42,0.7113100140836712,0.01694384688805523,6
43,0.3521558440950291,0.014883324604608169,3
0,0.13324472947073565,0.07760276468948168,9
1,0.36579870911682055,0.045817519309591034,6
2,0.11076091667190738,0.07416288457250673,7
3,0.23572854677752478,0.0555329439059934,3
4,0.3073663003663004,0.034516299981988484,20
5,0.02002913752913753,0.08544240302494853,4
6,0.30403296703296706,0.03389211642330263,20
7,0.23672835497835495,0.06794524056515608,17
8,0.28107566779532017,0.05212931769733909,3
9,0.3154908424908425,0.03525968387455725,20
10,0.30446886446886445,0.020210849322419254,12
11,0.2761904761904762,0.04082408336822075,25
12,0.07934065934065934,0.012291440654021421,14
13,0.32680036630036624,0.05134088326735265,24
14,0.3136080586080586,0.056622413790093425,25
15,0.05303754578754579,0.09272814112451913,9
16,0.3813966082936671,0.04393634977528481,13
17,0.3414725274725275,0.022796071967934296,13
18,0.18233722899047977,0.0649636280591055,6
19,0.3747002213472801,0.04265938847047482,10
20,0.28348284368692533,0.025540595968002497,16
21,0.35958758398464286,0.04432845133395691,11
22,0.33261624160153574,0.04424534833376404,9
23,0.19128232733076586,0.06428736809748767,6
24,0.36312845487845485,0.04678187685173064,15
25,0.5063949955273483,0.02942984497777542,11
26,0.5007619276148688,0.030259037061359136,11
27,0.28735164835164834,0.02787745258537394,17
28,0.09264581572273879,0.01221805506795218,12
29,0.5711318681318681,0.01814928021904165,8
30,0.5273089133089133,0.0168500620424656,8
31,0.5516953601953603,0.017433658481997318,8
32,0.5399893162393162,0.01711793007863733,8
33,0.5720644078144078,0.01785432645816474,8
34,0.6959193466903119,0.01639384543133993,5
35,0.6868232977145347,0.01813568584081282,5
36,0.6167404012601675,0.01073442319651437,4
37,0.14830246940104336,0.010458682819807438,2
38,0.6491044620154527,0.02277761119840503,5
39,0.6406372336813514,0.023262260484402317,5
40,0.6407235446012537,0.02314495242249968,5
41,0.4586014098448477,0.034627234537092766,5
42,0.16537367475452833,0.023909681731691473,2
43,0.585393982600908,0.022488841801570972,4
44,0.43562296405005374,0.03762381357830004,5
45,0.3214088307099318,0.03044017242357689,3
46,0.6735992781728075,0.014197407840978973,6
0,0.1514857642357642,0.09532190861753857,22
1,0.29366283716283714,0.05983552904351366,19
2,0.6379676415775488,0.02336452667975343,7
3,0.27750807525807525,0.059850259229319115,16
4,0.3572152014652014,0.04060217218528891,20
5,0.3636675824175824,0.04497946541529074,19
6,0.007142857142857143,0.09935303415975337,2
7,0.2009313381653807,0.011163682436640253,8
8,0.020768632239220472,0.07896899681789919,2
9,0.38387301587301587,0.026249868828422472,14
10,0.1719447219447219,0.013321706712051715,10
11,0.5048565339888869,0.029492962632846294,11
12,0.5428619093324974,0.02992356701610511,8
13,0.5977442767930384,0.026414766925824607,6
14,0.3767524451055423,0.045688673198112636,5
15,0.691192529819532,0.02137173875912789,6
16,0.6775628177292264,0.01921628571982842,5
17,0.1930475434438283,0.07691961889606887,11
18,0.6975993049777878,0.0163064695506104,5
19,0.30301513061232477,0.038580005198102355,3
20,0.32182869581399,0.05266714644002014,14
21,0.5741789822592218,0.018060488911997172,4
22,0.08278388278388278,0.018199757835138927,25
23,0.45584492643878155,0.035134791119761165,5
24,0.44063827838827835,0.019463832081023827,10
25,0.2006121595795509,0.011055369416003383,8
26,0.4237727248992818,0.034898014472558005,4
27,0.6880907019088808,0.02097555466955509,6
28,0.21159018432547846,0.0697591489491586,12
29,0.46807049649696714,0.03262326638473153,7
30,0.5521669898728723,0.021854177167731404,9
31,0.7074183450708219,0.01588480422619766,6
32,0.7131601307189542,0.015726370386700737,6
33,0.34824934662597856,0.01472939017268212,3
34,0.2560540699796402,0.01041036968483555,7
35,0.29136630036630035,0.02633933010282428,16
36,0.028644543861935167,0.09043936982478722,6
37,0.0807081807081807,0.015800423608876086,16
38,0.35766742895753983,0.04398930359516014,4
39,0.26863192514497836,0.05534570715394313,2
40,0.5650861344537816,0.024039185948325964,9
41,0.6398947457770988,0.022535038032717707,6
42,0.5901934795510647,0.01595608962449982,7
43,0.5339358664211605,0.02879658966192474,9
44,0.38216012175228264,0.022055953068555623,3
45,0.6375502510045854,0.013536639736553594,6
46,0.2563878298572176,0.032318495167242445,21
47,0.4022916527916528,0.03988080104378612,13
48,0.6468633423679863,0.010570636238837371,5
49,0.5862080646391793,0.025503000918907285,8
0,0.24505992873339807,0.04137767122893672,30
1,0.30912698412698414,0.09267027846499247,37
2,0.48256349206349197,0.04695654027497492,13
3,0.049689440993788817,0.04139892999762184,48
4,0.45075396825396824,0.05265676041362323,26
6,0.38733333333333336,0.07171911806711817,34
7,0.39436507936507936,0.0679313958211164,21
8,0.4726587301587301,0.05572598897033723,18
9,0.14285714285714288,0.05455755386589113,47
10,0.2302684903748734,0.015768497154525725,11
11,0.52852997002997,0.03403132484351644,10
12,0.5347716727716727,0.03339290455106379,10
13,0.5200473970473971,0.02579881750913078,10
14,0.2742316784869976,0.02728420099274325,19
15,0.45726190476190476,0.029780053033984673,16
16,0.34722222222222215,0.034227195988292894,22
18,0.35224603174603175,0.06550246139884955,15
19,0.22817460317460317,0.08898469161540466,23
20,0.26461775186264985,0.03686252916352925,26
21,0.512605006105006,0.02317468870141895,10
22,0.5080665445665447,0.0247343217032486,10
24,0.5530880230880232,0.032866554315644815,13
25,0.5441154401154401,0.03613667126431184,14
26,0.5057496392496392,0.04541987585880751,14
27,0.4044047619047619,0.06178697746212129,18
28,0.48273015873015873,0.04781643053396656,13
29,0.25988014253320374,0.03845643069731657,27
30,0.30607936507936506,0.07590980202385897,20
31,0.5542055167055167,0.032358983186304854,12
32,0.46088095238095234,0.03187245886765921,17
33,0.5114675324675324,0.04295687208274261,13
34,0.5383124098124098,0.03850303059563105,14
35,0.47904761904761906,0.04928033670256621,24
36,0.22300760582010581,0.04014291547835525,30
37,0.35155555555555557,0.021094778390371063,13
38,0.01680672268907563,0.015651086056240975,16
39,0.4946507936507936,0.04227602369760851,20
40,0.18832320162107394,0.051265010109670134,40
41,0.5296262626262626,0.03071559098114126,13
42,0.543508547008547,0.035113582101991156,13
43,0.5376457431457431,0.03600832468227415,12
44,0.4315555555555555,0.05771111312924408,17
45,0.45885714285714285,0.027522799276098263,15
46,0.4763961038961039,0.046239076628910525,12
47,0.5116565656565656,0.03962038659702863,12
48,0.36861111111111117,0.028965960509474677,18
49,0.023809523809523808,0.01764199457645527,21
